Login ID,Repo Count,Follower Count
erinata,85,93
sco,32,513
voodootikigod,125,660
piclez,39,48
brianleroux,360,1741
coty,73,66
clarkbw,82,391
orlin,43,51
jacques,386,90
baron,24,41
stinie,138,52
thomd,105,25
quinn,134,65
jevon,2,40
hlb,40,227
eoin,4,86
thekvn,23,39
jhaynie,112,374
wilsonminer,7,99
asoltys,204,149
collin,236,178
fling,4,26
peterpunk,4,47
diclophis,106,120
jaredhanson,408,3418
rchk,9,33
mlynch,122,1313
grantmichaels,10,48
frozzare,296,208
johnantoni,535,118
silentrob,112,316
roy,35,15
Wijnand,12,16
arjan,239,168
archan937,66,82
bulters,75,13
michaelkoper,38,23
sajoku,99,17
chrisobdam,4,6
pomazanbohdan,11,6
evinw,8,1398
jameskyokushin,30,19
ssleptsov,29,100
innomarkglobal,0,14
grdw,6,21
ayeminag,28,27
KevinHock,39,4695
Frenchcooc,21,47
cusspvz,159,7743
VagrantStory,9,1987
Xyphex,9,5
gabrielpconceicao,24,1878
Hamz-a,33,189
oerorrloigd,204,1224
angusshire,18,12326
dalinhuang99,-1,-1
takwpoc,9,30
MichalPaszkiewicz,66,5384
dplewis,120,1748
pengliheng,-1,-1
Bitonics,2,75
kaichen,52,381
dejan,19,148
huacnlee,120,4686
ynog,17,52
hsytlpboo,96,629
winfield,13,41
tomlion,46,162
eoeberhn,25,190
cashplk,2,29
ysorigin,7,29
sishen,57,675
RobinWu,50,32
jlisbz,82,21
pmq20,202,765
crazycode,212,67
saberma,37,675
liangwenke,37,31
caingougou,6,27
ogeali,18,15
lidaobing,119,619
ahzkao,9,10
yatwql,61,6
lnsoso,849,0
nhnkete,121,83
sorrycc,202,12816
doitian,191,324
tualatrix,102,1410
ihcunz,27,161
xiaods,209,385
yorzi,72,116
mehdimays,57,18
ssleptsov,29,100
rueeiluqdaenr,1,1
angusshire,18,12326
dalinhuang99,-1,-1
lumberjackchef,8,15
Kakise,60,1078
MafujShikder,23,1517
shmuel7e,12,17
jm,132,509
skyfallsin,20,70
adambair,61,112
mbleigh,147,885
anrenidblm,118,144
cselmer,24,79
brentmc79,20,55
onnenajaostnhl,2,50
naffis,28,73
rayvinly,11,313
kaichen,52,381
jondkinney,73,95
thadd,22,63
raecoo,20,98
huacnlee,120,4686
yong,17,52
xanj,103,1042
poshboytl,96,629
lgn21st,92,679
eeerbhno,25,190
isfpalsers,18,86
peteonrails,67,83
giskiw,57,108
sishen,57,675
ssoper,52,89
jlisbz,82,21
saberma,37,675
rociiu,76,112
davidpots,46,77
tomz,132,111
knpftouy,86,1291
tamos,170,1270
jcrosby,28,184
ellelleoooll,1406,317
sco,32,513
bumi,172,395
brupm,31,56
tbtre,17,39
luke0x,27,93
rmoriz,82,176
lgs,1076,146
xavi,15,39
chipski,18,25
adamstac,103,734
jcfischer,72,54
lazzarello,152,169
kaichen,52,381
yberlke,233,202
beppu,41,128
azisaka,1,72
ivanoats,359,290
tbaro,36,447
lostinpatterns,16,12
darwin,143,706
ikj,10,15
cnhghnuo,3,6
membogg,4,17
bcurren,33,39
watson,388,1723
igrigorik,75,8404
ainaltflaesr,239,59
KevinHock,39,4695
rodrigooler,204,1224
angusshire,18,12326
ijagjeet,41,2230
superisaac,59,62
blnau,86,134
jserv,113,3403
trietptm,198,1355
mbautin,144,1328
KJlmfe,65,95
ChunMengLu,13,136
iHkKvonec,39,4695
ankitshah009,1466,145
eeahdh,1,641
vlordier,33,375
angusshire,18,12326
SummerCHINA,1,1
ddjjj,0,0
dalinhuang99,-1,-1
MichalPaszkiewicz,66,5384
tchnorider,16,290
Lisprez,411,1154
Linux-Player,2,1200
snemil,2,680
xiaolan98,20,5
andresurepno,0,11
s6dyl,-1,-1
xabaihuo,11,3
snowwhite-boss,-1,-1
glhewett,30,18
springnet,3,4
herestomwiththeweather,47,58
codeodor,108,37
cmavromoustakos,23,32
benwbrum,26,86
mashiox,47,52
davesag,121,82
shpytalenko,54,2
ssdavenport,14,9
itayheplae,38,22
psbioZh,47,58
akragcbienen,31,141
eaxVauMl,35,41
shamio,2,663
egxxayla,2,1
HkvioecKn,39,4695
aachokey,21,41
atsiarenia,2,14
irsshaegun,18,12326
hnujisolin,3,1
bbeinhoasyb,28,9
danielirimia,27,17
mekze-eli,32,18
pennyone00,0,2
laurenrenaud,22,11
ATiFrcMSEt,4,9
laconc,8,17
husvmcaetegl,28,28
thezedwards,497,569
pablete,25,72
tel,195,212
anandkunal,7,100
ask,86,1896
jiahao,142,588
mmcgrana,60,1073
mm1t,314,2354
mokeefe,1,20
ttriche,176,176
gdeglin,26,56
dehora,46,85
ryanking,34,247
mrflip,144,269
dcreager,89,231
dlwh,47,295
jmalonzo,67,83
idtuwnihtelts,1,274
fredrik,58,72
jonbaer,293,166
massie,39,120
EricPKerr,56,36
fmu,2,6
aparo,151,149
so,0,20
gourneau,75,69
ret,19,37
osteklalr,24,56
linkerlin,311,155
matteobertozzi,23,65
abradsrvtyi,58,94
cwsaylor,25,41
daegr,129,52
miamiruby,130,58
maca,91,101
mianeihcxtegamra,2,6
maggit,50,279
willywg,41,45
jjuarez,126,52
hciorildcel,161,120
endymion,97,26
xalakox,22,28
carlitos,27,82
christianrojas,11,36
scifisamurai,12,32
uokesita,64,178
guilleiguaran,258,623
shmangles,3,2
hgrncu,72,79
hugoerg56,31,20
betacar,27,36
mattsgarrison,78,17
iamhabitat,24,8
gbrtoaleg,47,90
Chelo,5,10
ajsb85,438,925
esneider,47,145
ainame,139,291
cdemeasntjoosoe,11,48
javadabadoo,21,30
ahmetabdi,154,709
alfredwesterveld,52,64
morganrallen,107,54
aral,498,620
mattorb,39,44
elango,73,43
andresdouglas,33,21
leereilly,402,1733
rnfrkaa,51,26
jrkzate,89,59
Skyhoper,1,4
SbnaepuwC,8,107
adkdev,5,27
ienaPocr,49,98
watcherdm,104,56
broccolini,43,1956
gavinuhma,28,147
marothstein,41,49
jefftrudeau,9,8
eliwefr,127,101
yjnyab,25,15
STUNT101,0,71
josephhabib,5,4
Hungsta,4,32
wemeetagain,75,130
oggata,162,46
tigefa4u,265,456
JSansalone,8,281
bjsaca,53,853
KevinHock,39,4695
zulhfreelancer,205,157
shanesveller,102,96
ianv,6,144
nyartm,238,156
teehemkay,12,20
dejanr,43,56
bbigras,170,36
RobLoach,791,372
godane,31,14
h4ck3rm1k3,1247,563
joachifm,29,47
jb55,536,399
newhoggy,74,84
stigtsp,152,77
Juiceman,22,4
plumenator,83,78
rohithadassanayake,5,526
573,134,78
samueldr,110,152
aycanirican,55,77
majorgreys,45,41
sbrsoaib,27,12
aviraldg,75,117
terlar,100,111
snvihualMasE,193,98
fabianhjr,12,75
pbcha,146,92
ncxk,37,18
wolfflow,67,56
timothyklim,229,174
Boyquotes,163,59
daaku,166,480
benhiller,15,74
bsujoiph,40,56
eston,9,141
traiem,16,49
keito,2,82
idmensrgx,15,446
cffeteato,68,249
liveink,76,36
doamnnladylRaCr,31,79
dennispi,7,9
hj91,197,32
mbautin,144,1328
BrianGator,0,5
yuanwencong,4,10
rajanand,31,46
selimozergun,4,9
obfuscat3d,1,11
ramoem,0,0
Ryanfahiramaulana,0,3
Zer0Root,3,158
waibo,190,46
ChrisMoney,0,26
kmarrivnunhti,116,43
peterprokop,74,39
rajeshvv,168,38
JurandyBitConnect,3,10
drewmeyers,1,31
gnashe,2,31
csjaba,53,853
abhiyerra,129,62
brianmario,33,855
DoktahWorm,10,11
hmcfletch,35,16
fcaueaoirb,109,99
jpf,157,288
hellojwilde,49,44
miSi,40,50
minglecm,35,78
gcollazo,89,420
allangrant,15,35
kanzure,160,474
seanahrens,18,15
adamJLev,40,27
danstorms,7,8
naharris212,0,5
rchadvudkia,26,28
trietptm,198,1355
obrlrjbeaaad,11,47
SourceBoy,6,3
jsonmaur,32,183
macressler,947,300
MnkyPwz,20,17
toxtli,1150,2113
Bunlong,215,1866
b3bakyt,16,3
dumpytown,2,11
casjba,53,853
2rbyo4bbor,10,8
nrmjnmabibowen,130,43
mountain,67,262
darwin,143,706
collin,236,178
2ncijk20,1,20
ZenCocoon,73,36
wouterdebres,3,6
henrygarner,109,82
shanx,80,32
andreypopp,444,865
uxuraitvmeaha,127,96
stonegao,140,292
bobpoekert,97,85
ticean,62,75
karsthammer,49,13
kirillsalykin,23,13
bcambel,74,113
adsvidlef,3,13
alexanderdean,6,204
oktraurmkp,143,21
pereferrera,19,47
RaymondCrandall,31,79
vizanto,55,60
gijzelaerr,167,154
hgtnsnaa-,54,24
domenicosolazzo,426,206
igjdechnlmeoib,402,282
isakib,244,7
rickbeerendonk,74,81
musnclmeh,106,83
andresmasegosa,12,70
jkakar,66,76
rbeene,93,40
pechorin,14,77
grgkede,50,96
forresto,108,192
specious,40,151
MattMcFarland,139,243
mrklaw,2,1
mohitmun,86,75
kialam,31,5
sajcba,53,853
KevinHock,39,4695
svupczs,159,7743
gabrielpconceicao,24,1878
yikaraman,34,5
angusshire,18,12326
wMilhzPzicceaskai,66,5384
orrasdiinegr,10,4
bitsondatadev,28,413
dalinnen,1,5
ypersyntelykos,61,669
jbelsky,28,6
y-ke,7,11
chrisketchel,0,1
zhanknight,12,2
dehine,10,1
seabre,105,71
biomunky,51,22
carld,130,120
catull,33,34
sidorares,163,788
tdaelm,38,33
radka,55,138
honnung,2,1
osteotek,23,22
nwevi,8,1398
janfilips,14,47
hemantasapkota,46,108
rcullito,67,43
yenda,70,49
fiaeslqucl,64,80
Bunlong,215,1866
kumavis,436,1167
zhchang,20,18
nabn,27,37
r1n4a2i0,158,281
viralpandya,14,15
bbss,45,35
KevinHock,39,4695
cusspvz,159,7743
priornix,9,21
vladanghene,71,33
sakuakha,7,0
aiazanklkm,16,210
resdo,66,211
zhenglu0,37,699
STRd6,234,782
ronenhamias,47,1589
oKciknHve,39,4695
cusspvz,159,7743
onikdireyemm,3,14
m49an5xla,69,9
enhagsrusi,18,12326
0cy1rche1,122,5
lgeh-ogedSealyeop,133,50
sonmio,3,28
pablogarriga,32,6
opengineer,22,3043
ishiramn,13,20
fortune,11,6
singerdmx,15,446
ahmetabdi,154,709
KevinHock,39,4695
shsiagnrue,18,12326
shennsijktu,78,272
steffanjensen,107,411
q00nshn2eig8,55,99
verejava,5,1000
ijagjeet,41,2230
ky-bot,1,300
adampatterson,49,56
ivansf,14,24
ahmetabdi,154,709
nvkKeiHoc,39,4695
TroyDWhite,10,7
ssirgueanh,18,12326
JaiiRashad34,6,1
ahmedalazazy,298,235
Asmae-salhi,4,1
msakazo,2,1
MintThitiratChamnan,14,26
geeaurewne,253,301
datapimp,78,102
throughnothing,152,122
ekeons,39,265
thejeshgn,299,686
Neustradamus,42,445
carlos8f,238,302
rohithadassanayake,5,526
alexindigo,183,125
martindale,1691,470
ijohrcparsdn,167,1187
miguelmota,543,1530
aprock,4,22
sidorares,163,788
oevxt0-r,114,199
shovon,169,159
RichAyotte,29,36
alexeykudinkin,29,42
lmatteis,79,190
raisty,31,72
mbautin,144,1328
karlsnyder0,6,5
mattvick,75,7
ksetrin,34,9
fijiwebdesign,121,18
kantmakm,19,6
eeaknpvos,186,106
marko-jankovic,8,136
grisaitis,72,42
martinheidegger,385,316
onsails,165,194
suenot,311,83
KevinHock,39,4695
hffke927,50,186
bobomurod,89,120
aikomkj,28,11
mstraughan86,27,5886
artemii235,42,62
soldat13,6,39
KaterinaToy,0,19
STRd6,234,782
tsrj,7,14
ahmetabdi,154,709
astnusov,33,24
ckoHinevK,39,4695
cusspvz,159,7743
migueljulio,20,3
tentone,38,240
ypersyntelykos,61,669
FranciscoJGuz,9,121
imbi7py,0,0
s210owod9n,0,10
dsnantio,21,24
mattn,1833,9790
odunfn,105,831
mbautin,144,1328
x2c3z4,29,98
adyliu,16,272
eigojanf,32,18
korirto,40,2639
onemouth,18,26
buffer8848,51,36
krisjin,122,132
mikegwhit,11,1027
KevinHock,39,4695
cusspvz,159,7743
gifkwii,42,11
hehead,1,641
fastcoinproject,6,30
russinhgae,18,12326
johnbey,2,0
jkk2h,1,120
lezasantaizi,35,25
drybeans,63,16
crDia0Nti,10,34
Lisprez,411,1154
neyP-liuaLrx,2,1200
afmQZYenre,1647,168
krodyx,762,166
opengineer,22,3043
mengcoin,2,16
Jungjaegu,20,9
ssleptsov,29,100
batsuuri,3,0
KevinHock,39,4695
InduprasadSR,11,345
lezasantaizi,35,25
ydearsnb,63,16
rtacD0Nii,10,34
Lisprez,411,1154
Linux-Player,2,1200
freemanZYQ,1647,168
ydkxro,762,166
opengineer,22,3043
mocgnnei,2,16
nJgugueaj,20,9
ssevlostp,29,100
batsuuri,3,0
nioHkvecK,39,4695
InduprasadSR,11,345
erravimishracse,22,356
leaoGrpoNy,4,11
vcst,64,51
nrtwaniei,11,77
tosh,73,272
fundon,105,831
bluet,66,150
atlecnw,257,175
nies,36,9655
uair,30,140
rasata,1780,50
zmughal,256,488
kanzure,160,474
audy,184,331
gongfuPanada,1605,14
fly51fly,11,3459
keix,4,17
mrrsiqua,178,114
suneil,36,15
manihrje,0,3
rfilipo,50,36
andy-williams,46,40
robbinhan,154,70
batermj,2384,1429
WillemJan,35,0
kjaylee,168,40
greysun,103,38
GabiThume,34,80
73933t35,45,15
johndpope,8082,664
botsbrain,10,142
kima2081i,40,425
EmpeRoar,246,31
sudachen,146,53
norazm,108,252
jpzk,107,113
wedtm,43,27
edagonzlz,90,170
influx6,689,302
sothgaiz,149,96
gregzuro,30,21
dadaphl,18,37
toinAtJeannn,50,104
ahmetabdi,154,709
almartin82,72,80
hieple7985,33,47
xaviarias,16,58
jhonsu01,41,33
mortdeus,91,101
ckabuya,38,2
yh0ers,20,26
jondo89,10,241
KevinHock,39,4695
lrettig,86,219
rikonor,97,20
ales9000,6,21
kinkin10,226,910
dendisuhubdy,2885,506
pkrasam,295,52
gaocegege,397,2379
yyeexxhhh,10,18
manjotkhangura,2,0
gzri-,9,0
iamgilwell,33,98
peterp,30,413
vilmibm,105,534
singerdmx,15,446
ssleptsov,29,100
canvaspixels,37,29
Voidious,4,17
mikegwhit,11,1027
KevinHock,39,4695
cusspvz,159,7743
jake100,57,1817
angusshire,18,12326
rob4lderman,36,7
algebric,4,2284
vkandola,153,1608
AdiChat,20,3216
ArefMq,28,2831
mstraughan86,27,5886
franklsm1,37,6
AlexxNica,6666,782
jessuppi,13,425
ilmalte,26,56
una-tapa,28,2
imArafatHussein,1,4123
VinayMavani,2,17
opengineer,22,3043
MafujShikder,23,1517
iamfredrickokereke,250,62
kj2houli,15,26
curv3ball,7,74
codingscode,171,1306
pshc,55,33
mikeyb,26,123
slpsys,29,21
etykdueicnshp,55,36
j15e,62,80
deliabdrsov,51,69
KokaKiwi,203,151
cburgdorf,133,413
erynofwales,28,52
poguez,79,122
iorch,38,47
mogox,28,42
lcampos,17,36
rjaydov,203,178
victor-vargas2009,12,7
NatashaTheRobot,123,1583
helloworld-cat,33,38
hm1lry9,10,585
pcgphiasrpx,156,34
SeanReid,37,3
haozeng,18,21
KevinHock,39,4695
215eight,9,3
jescriba,38,21
ontnajacorhi,29,24
sai43,202,18
ariusay,54,962
angusshire,18,12326
cnd,15,0
Rady,43,18
m1kal,24,0
