ghid,num_starred
xavi,30
mikegwhit,17
willywg,30
luke0x,30
misi,24
ales9000,10
bbigras,30
forresto,30
shovon,30
erravimishracse,30
kaichen,30
innomarkglobal,2
peterpunk,30
onsails,30
watcherdm,30
esneider,30
tigefa4u,30
ajsb85,30
linkerlin,30
raecoo,30
lmatteis,30
davidpots,21
coty,30
wilsonminer,30
jpf,30
ddjjj,0
KevinHock,30
lostinpatterns,30
danielirimia,30
hmcfletch,30
codeodor,30
krisjin,30
nies,0
rcullito,30
b3bakyt,7
h4ck3rm1k3,30
plumenator,30
ChrisMoney,1
chipski,30
mlynch,30
xiaolan98,30
danstorms,8
vlordier,30
marko-jankovic,30
csjaba,21
zulhfreelancer,30
benwbrum,30
grantmichaels,30
benhiller,25
mattorb,30
peterprokop,30
miguelJulio,0
ankitshah009,30
ayeminag,30
573,30
oggata,30
m1kal,2
bobpoekert,30
jake100,30
canvaspixels,30
Juiceman,28
lezasantaizi,30
ttriche,30
dennispi,1
gongfuPanada,30
KokaKiwi,30
xalakox,18
dadaphl,30
InduprasadSR,15
fling,30
ilmalte,27
jbelsky,30
curv3ball,3
osteotek,30
sajoku,30
shpytalenko,4
aachokey,30
caingougou,30
glhewett,30
jmalonzo,30
pennyone00,0
chrisobdam,8
hemantasapkota,30
daaku,30
ivanoats,30
ZenCocoon,30
henrygarner,30
kirillsalykin,30
erynofwales,30
endymion,30
dejan,30
massie,22
almartin82,30
215eight,24
suenot,30
xiaods,30
jm,30
jb55,30
naharris212,0
WillemJan,0
josephhabib,4
datapimp,30
shamio,2
uair,1
JurandyBitConnect,0
jessuppi,30
kjaylee,30
ryanking,30
gabrielpconceicao,30
isakib,30
martinheidegger,30
EricPKerr,30
kantmakm,30
tentone,30
cmavromoustakos,30
dehora,30
johnbey,1
jcrosby,30
dplewis,30
iamgilwell,19
obfuscat3d,0
Boyquotes,30
bluet,30
broccolini,30
asoltys,30
adamstac,30
wedtm,30
brentmc79,30
Ryanfahiramaulana,0
hj91,30
joachifm,30
yikaraman,30
wouterdebres,7
yenda,30
doitian,30
eoin,30
thomd,30
AriusAy,0
WINfiEld,0
dejanr,30
EmpeRoar,30
jlisbz,30
adambair,30
ysorigin,30
mogox,30
FranciscoJGuz,6
pomazanbohdan,30
ChunMengLu,30
jondo89,18
y-ke,25
wolfflow,30
domenicosolazzo,30
zhchang,5
TroyDWhite,7
honnung,25
slpsys,30
liangwenke,30
fortune,3
samueldr,30
vcst,17
allangrant,30
hehead,1
vilmibm,30
silentrob,30
iamhabitat,4
jacques,30
rajeshvv,30
BrianGator,9
MichalPaszkiewicz,30
alexanderdean,30
aviraldg,30
fastcoinproject,0
jpzk,30
mortdeus,30
biomunky,30
sai43,30
mohitmun,30
pshc,30
ynog,0
MafujShikder,13
shmangles,3
seanahrens,30
gnashe,30
GabiThume,30
ahmetabdi,30
iorch,30
terlar,30
jiahao,30
JSansalone,26
tomlion,30
cnd,0
drybeans,30
Zer0Root,30
alexeykudinkin,30
AdiChat,30
uokesita,30
skyfallsin,30
opengineer,30
chrisketchel,19
lrettig,30
jonbaer,30
herestomwiththeweather,30
carld,0
carlitos,30
VinayMavani,6
zhenglu0,30
karsthammer,30
rayvinly,13
maca,30
jevon,30
grisaitis,30
baron,30
michaelkoper,30
jameskyokushin,30
yatwql,30
elango,30
grdw,30
keix,17
snemil,2
gcollazo,30
atsiarenia,30
tbaro,0
RichAyotte,30
greysun,28
majorgreys,30
diclophis,30
waibo,30
fmu,4
fijiwebdesign,30
ypersyntelykos,30
Radka,1
bcurren,30
dcreager,30
roy,30
Linux-Player,1
stinie,30
fly51fly,30
saberma,30
resdo,0
tsrj,0
adkdev,0
kinkin10,0
watson,30
Voidious,22
pablogarriga,30
mbautin,30
toxtli,30
Rady,30
aral,30
jjuarez,30
gdeglin,30
beppu,30
mstraughan86,30
x2c3z4,30
onemouth,30
bitsondatadev,30
rajanand,30
Raisty,0
wemeetagain,30
evinw,30
alexindigo,30
ret,30
maggit,0
huacnlee,30
adampatterson,30
cashplk,30
tomz,30
jhonsu01,30
yyeexxhhh,30
vizanto,30
influx6,30
yorzi,30
cusspvz,30
zhanknight,30
minglecm,27
nabn,30
lcampos,18
verejava,1
naffis,30
adyliu,30
batsuuri,0
mattsgarrison,30
dehine,20
mikeyb,30
tualatrix,30
lumberjackchef,28
botsbrain,4
poshboytl,30
betacar,30
brianleroux,30
tosh,30
dalinnen,30
RobLoach,30
archan937,30
adamJLev,30
thejeshgn,30
superisaac,30
ky-bot,10
gourneau,30
mattvick,30
gavinuhma,30
bbss,30
Hungsta,26
franklsm1,6
yong,30
Skyhoper,5
freemanZYQ,30
ainame,30
trietptm,30
lgn21st,30
aycanirican,30
sishen,30
keito,22
rob4lderman,11
jcfischer,30
leereilly,30
clarkbw,30
bulters,30
sudachen,30
suneil,30
manjotkhangura,1
arjan,30
Neustradamus,1
buffer8848,30
MintThitiratChamnan,30
macressler,30
VagrantStory,30
andreypopp,30
mmcgrana,0
mrflip,30
igrigorik,30
lgs,30
pkrasam,30
springnet,6
ckabuya,8
SeanReid,1
Frenchcooc,30
seabre,30
stigtsp,30
pablete,30
vkandola,30
miguelmota,30
abhiyerra,30
STUNT101,8
matteobertozzi,30
ticean,30
peterp,30
liveink,30
morganrallen,30
ask,30
SummerCHINA,0
Jungjaegu,8
Chelo,3
DoktahWorm,30
andresmasegosa,30
ksetrin,30
robbinhan,30
hieple7985,30
rasata,30
jsonmaur,30
ikj,0
Kakise,30
cwsaylor,30
mountain,30
bcambel,30
mokeefe,30
ronenhamias,30
bumi,30
azisaka,30
zmughal,30
KJlmfe,30
voodootikigod,30
mbleigh,30
Xanj,0
tamos,30
marothstein,30
fabianhjr,30
newhoggy,22
teehemkay,30
javadabadoo,17
brianmario,30
kialam,2
darwin,30
algebric,30
fredrik,30
carlos8f,30
collin,30
timothyklim,30
haozeng,6
jondkinney,30
lidaobing,30
jkakar,30
cselmer,1
Lisprez,30
batermj,30
dendisuhubdy,30
aparo,30
stonegao,30
orlin,30
drewmeyers,28
helloworld-cat,30
tchnorider,30
poguez,30
sidorares,30
eston,22
RaymondCrandall,30
gregzuro,30
una-tapa,11
rohithadassanayake,30
erinata,19
throughnothing,30
ianv,1
brupm,30
yuanwencong,30
gaocegege,30
peteonrails,30
lazzarello,30
thekvn,30
msakazo,0
MM1t,0
frozzare,30
scifisamurai,30
jhaynie,30
j15e,30
mrklaw,10
laurenrenaud,20
NatashaTheRobot,30
ssoper,30
specious,30
aprock,14
steffanjensen,30
Hamz-a,30
laconc,30
rchk,30
victor-vargas2009,4
ivansf,30
godane,19
kumavis,30
hlb,30
MattMcFarland,30
crazycode,30
xaviarias,30
lnsoso,0
jaredhanson,30
gijzelaerr,30
rodrigooler,30
thezedwards,30
viralpandya,5
audy,30
KaterinaToy,0
priornix,0
jescriba,30
anandkunal,30
sorrycc,30
pmq20,30
shanesveller,30
rikonor,30
shanx,30
ahmedalazazy,30
martindale,30
guilleiguaran,30
angusshire,30
singerdmx,4
rfilipo,30
thadd,30
quinn,30
MnkyPwz,30
davesag,30
dlwh,30
RobinWu,30
JaiiRashad34,25
andresdouglas,30
cburgdorf,30
fundon,30
mehdimays,30
Wijnand,15
SourceBoy,0
imArafatHussein,30
ijagjeet,30
rmoriz,30
codingscode,30
catull,30
Bunlong,30
STRd6,30
sonmio,1
andresurepno,0
sco,30
jefftrudeau,12
bobomurod,30
hugoerg56,15
membogg,30
shmuel7e,8
janfilips,30
krodyx,30
karlsnyder0,23
Asmae-salhi,0
hellojwilde,30
selimozergun,30
pechorin,30
Xyphex,30
mattn,30
iamfredrickokereke,30
rbeene,30
piclez,0
kanzure,30
artemii235,30
jserv,30
rociiu,30
tel,30
mashiox,30
mengcoin,13
ssdavenport,2
miamiruby,30
johnantoni,30
pereferrera,19
andy-williams,30
soldat13,8
Bitonics,2
ssleptsov,30
ArefMq,30
johndpope,30
christianrojas,30
AlexxNica,30
rickbeerendonk,30
so,30
alfredwesterveld,30
